Atlantic.Net,http://www.atlantic.net
FreshBooks,http://www.freshbooks.com
ZodTTD LLC,http://www.zodttd.com
Wufoo,http://wufoo.com 
unmatchedstyle.com,http://unmatchedstyle.com
Prospect Smarter,http://www.enthusem.com
The iHospital,http://www.theihospital.com
Texas Instruments,http://www.ti.com
Bright Eyes Family Vision Care,http://www.brighteyestampa.com 
Texas Instruments,http://www.ti.com
SiteWit,http://www.sitewit.com/
Two Guys,http://weretwoguys.com 
AirDropper,https://www.airdropper.com 
Plotonic.com,http://www.plotonic.com
Gowalla,http://gowalla.com 
